INSERT INTO `clubs` (`id`, `name`) VALUES
(2, 'De Broeveskender Bilzen'),
(3, 'DF Silverstar Wellen-Borgloon'),
(4, 'TSC Dance Feet Kelmis'),
(5, 'DSG Dynamic Bree'),
(6, 'DG De Nica''s Peer'),
(7, 'DV De Limaro''s Kaulille'),
(8, 'The Golden Passion Dancers Lommel'),
(9, 'DG De Vogelzangers Zonhoven'),
(10, 'DV Do-Re-Mi Lommel'),
(11, 'De Duinelfjes Hechtel-Eksel'),
(12, 'KV De Waggelerre Voeren'),
(13, 'De Vergeetmenietjes Lommel');

INSERT INTO `contestants` (`id`, `club_id`, `discipline_id`, `category_id`, `division_id`, `startnr`, `startnrorder`, `name`) VALUES
(1, 2, 2, 2, 3, '01', -1000199, 'Shania Thys'),
(2, 3, 2, 2, 3, '1', 199, 'Kyana Gabrielle'),
(3, 9, 2, 2, 3, '2', 299, 'Femke De Ceuster'),
(4, 4, 2, 2, 3, '3', 399, 'Melina Bosch'),
(5, 4, 2, 2, 3, '4', 499, 'Fiona Meshi'),
(6, 9, 2, 2, 3, '5', 599, 'Eowyn Starinieri'),
(7, 5, 2, 2, 3, '6', 699, 'Laetitia Lambertz'),
(8, 6, 2, 2, 3, '7', 799, 'Heike Janssen'),
(9, 3, 11, 3, 3, '1', 199, 'Silverstars'),
(10, 5, 2, 3, 2, '1', 199, 'Anouk Thaens'),
(11, 7, 2, 3, 2, '2', 299, 'Vaesen Catherine'),
(12, 5, 2, 3, 2, '3', 399, 'Jolien Vangansewinkel'),
(13, 7, 2, 3, 2, '4', 499, 'Jolien Vrijsen'),
(14, 10, 2, 3, 2, '5', 599, 'Derya Smeets'),
(15, 2, 2, 3, 2, '6', 699, 'Elke Holsteijns'),
(16, 7, 2, 3, 2, '7', 799, 'Kyana Eyckmans'),
(17, 11, 2, 3, 2, '8', 899, 'Shelsey Geypen'),
(18, 6, 2, 3, 2, '9', 999, 'Imani Di Pasquale'),
(19, 8, 2, 3, 2, '10', 1099, 'Kiara Kerckhoff'),
(20, 6, 2, 3, 2, '11', 1199, 'Benthe Janssen'),
(21, 4, 2, 3, 2, '12', 1299, 'Neele Packbier'),
(22, 8, 2, 3, 2, '13', 1399, 'Daphne Indeherberge'),
(23, 9, 2, 3, 2, '14', 1499, 'Stefanie De Bruyn'),
(24, 10, 2, 3, 2, '15', 1599, 'Lene Aerts'),
(25, 2, 2, 3, 2, '16', 1699, 'Arrezina Nivelle'),
(26, 5, 2, 3, 2, '17', 1799, 'Felicia Lambertz'),
(27, 9, 2, 3, 2, '18', 1899, 'Chloë Vanherle'),
(28, 8, 2, 3, 2, '19', 1999, 'Eline Mariën'),
(29, 4, 2, 3, 2, '20', 2099, 'Amy Heuts'),
(30, 2, 7, 3, 3, '1', 199, 'Myrthe Notelaers "I''m a shopaholic"'),
(31, 9, 7, 3, 3, '2', 299, 'Femke de Ceuster "Turn into a butterfly"'),
(32, 9, 7, 3, 3, '3', 399, 'Stefanie De Bruyn "Fragile"'),
(33, 3, 7, 3, 3, '4', 499, 'Jade Smolders "Indian Style"'),
(34, 3, 8, 3, 3, '1', 199, 'Bo Schalenbourg & Celine Croes "Chicago next generation"'),
(35, 12, 3, 3, 3, '01', -1000199, 'Eva Smeets & Bjorg Hochstenbach'),
(36, 4, 3, 3, 3, '1', 199, 'Anissa Kerckhoff & Tjalle Deburchgraeve'),
(37, 4, 3, 3, 3, '2', 299, 'Naomi & Liam Waghemans'),
(38, 2, 2, 3, 4, '1', 199, 'Joke Smeulders'),
(39, 2, 2, 3, 4, '2', 299, 'Chiara Dal-Cero'),
(40, 2, 2, 3, 4, '3', 399, 'Maxime Palmaers'),
(41, 2, 2, 3, 4, '4', 499, 'Sayana Swerten'),
(42, 4, 2, 3, 4, '5', 599, 'Jarno Maussen'),
(43, 4, 2, 3, 4, '6', 699, 'Maurine Reiss'),
(44, 12, 2, 3, 4, '7', 799, 'Zita Hochstenbach'),
(45, 2, 2, 3, 4, '8', 899, 'Anke Vanroy'),
(46, 4, 2, 3, 4, '9', 999, 'Sally Camsteyn'),
(47, 6, 4, 2, 3, '1', 199, 'De Nica''s'),
(48, 2, 4, 3, 3, '1', 199, 'Dance Explosion'),
(49, 4, 4, 3, 3, '2', 299, 'De Piranhas'),
(50, 8, 4, 3, 3, '3', 399, 'Golden Treasure'),
(51, 5, 4, 3, 2, '1', 199, 'The Flames'),
(52, 3, 4, 3, 2, '2', 299, 'Silverstars'),
(53, 3, 10, 3, 3, '1', 199, 'Silverstars'),
(54, 2, 10, 3, 3, '2', 299, 'The Glow'),
(55, 6, 5, 4, 3, '1', 199, 'De Nica''s'),
(56, 9, 5, 4, 3, '2', 299, 'Buzzards'),
(57, 8, 5, 4, 3, '3', 399, 'Golden Stars'),
(58, 11, 9, 3, 3, '1', 199, '"Een Wereld vol kleuren"'),
(59, 2, 9, 3, 3, '2', 299, '"Clean House"'),
(60, 10, 9, 3, 3, '3', 399, '"Bride of Zilla''s"'),
(61, 3, 9, 4, 3, '1', 199, '"Birds"'),
(62, 3, 10, 4, 3, '1', 199, 'Silverstars'),
(63, 8, 3, 4, 3, '1', 199, 'Wies Van der Hout & Rune Deburchaeve'),
(64, 8, 3, 4, 3, '2', 299, 'Charlotte Bart & Bjarne Deburchgraeve'),
(65, 12, 2, 4, 2, '2', 299, 'Valerie Debie'),
(66, 6, 2, 4, 2, '3', 399, 'Fenne Stivaletta'),
(67, 8, 2, 4, 2, '4', 499, 'Darina Gijbels'),
(68, 8, 2, 4, 2, '5', 599, 'Djorni Budgen'),
(69, 4, 2, 4, 4, '01', -1000199, 'Sabine Faymonville'),
(70, 8, 2, 4, 4, '1', 199, 'Wies Van der Hout'),
(71, 7, 2, 4, 4, '2', 299, 'Cheyenne Keppens'),
(72, 12, 2, 4, 4, '3', 399, 'Coline Ernst'),
(73, 12, 2, 4, 4, '4', 499, 'Fabienne Barz'),
(74, 4, 2, 4, 4, '5', 599, 'Alison Reiss'),
(75, 12, 2, 4, 4, '6', 699, 'Lesianne Shehu'),
(76, 12, 2, 4, 4, '7', 799, 'Sharon Dodemont'),
(77, 2, 2, 5, 4, '1', 199, 'Karolien Thijs'),
(78, 2, 2, 5, 4, '2', 299, 'Daniëlla Knaepen'),
(79, 10, 2, 5, 4, '3', 399, 'Tessa Sutens'),
(80, 12, 2, 5, 4, '4', 499, 'Rachelle van Caldenborgh'),
(81, 4, 2, 5, 4, '5', 599, 'Celine Maussen'),
(82, 3, 11, 5, 3, '1', 199, 'Silverstars'),
(83, 13, 4, 4, 2, '0001', -3000199, 'De Vergeetmenietjes'),
(84, 10, 4, 4, 2, '001', -2000199, 'Flash'),
(85, 9, 4, 4, 2, '01', -1000199, 'Phoenix'),
(86, 3, 4, 4, 2, '1', 199, 'Silverstars'),
(87, 7, 4, 4, 2, '2', 299, 'The Pink Ladies'),
(88, 8, 4, 4, 2, '3', 399, 'Golden Energy'),
(89, 6, 4, 4, 2, '4', 499, 'De Nica''s'),
(90, 2, 4, 4, 2, '5', 599, 'Dance Dynamite'),
(91, 4, 4, 5, 2, '1', 199, 'Panthers'),
(92, 3, 7, 4, 3, '1', 199, 'Jenthe Vanhoudt "Dag Vreemde Man"'),
(93, 4, 7, 4, 3, '2', 299, 'Yentle Smeets'),
(94, 3, 7, 4, 3, '3', 399, 'Laura Tuts "Toxic"'),
(95, 13, 7, 4, 3, '4', 499, 'Pieter-Jan Beckers "Billy Elliot"'),
(96, 12, 7, 4, 3, '5', 599, 'Demy Hochstenbach "Geisha"'),
(97, 3, 7, 4, 3, '6', 699, 'Liese Delveau "Madness"'),
(98, 2, 7, 4, 3, '7', 799, 'Marah Palmaers "Abused"'),
(99, 2, 7, 4, 3, '8', 899, 'Zoë Marting "Scary Doll"'),
(100, 10, 7, 4, 3, '9', 999, 'Janne Swinnen "Breath of Life"'),
(101, 10, 7, 5, 3, '1', 199, 'Sharmaine Knubben'),
(102, 3, 7, 5, 3, '2', 299, 'Inez Vanmanshoven "Fallen Angel"'),
(103, 3, 8, 4, 3, '1', 199, 'Chanisia Vanelderen & Tessa Shalley "Robots"'),
(104, 9, 8, 4, 3, '2', 299, 'Lisa Nys & Lisa Swysen "Haunted"'),
(105, 8, 12, 4, 3, '1', 199, 'The Golden Passion Dancers'),
(106, 9, 11, 4, 3, '1', 199, 'Starlings'),
(107, 2, 11, 4, 3, '2', 299, 'Alive'),
(108, 3, 8, 5, 3, '1', 199, 'Stephanie Depuis & Vincent Thijs'),
(109, 13, 8, 5, 3, '2', 299, 'Miek Daris & Pieter-Jan Beckers "Heartbeat"'),
(110, 10, 9, 5, 3, '1', 199, '"In Between"'),
(111, 2, 10, 5, 3, '1', 199, 'Vibrations'),
(112, 3, 10, 5, 3, '2', 299, 'Silverstars'),
(113, 4, 12, 5, 3, '1', 199, 'Pirates');

INSERT INTO `contests` (`id`, `name`, `date`) VALUES
(1,	'TestWedstrijd',	'2016-07-01');

INSERT INTO `points` (`id`, `contest_id`, `parent_id`, `lft`, `rght`, `name`, `max`) VALUES
(1,	1,	NULL,	1,	2,	'Presentatie',	10),
(2,	1,	NULL,	3,	4,	'Houding',	10),
(3,	1,	NULL,	5,	6,	'Synchroniteit',	10),
(4,	1,	NULL,	7,	8,	'Spreiding',	10),
(5,	1,	NULL,	9,	20,	'Choreografie Gardedansen',	25),
(6,	1,	5,	10,	11,	'Formaties',	5),
(7,	1,	5,	12,	13,	'Danspassen',	5),
(8,	1,	5,	14,	15,	'Formatiewissel',	5),
(9,	1,	5,	16,	17,	'Danselementen',	5),
(10,	1,	5,	18,	19,	'Muziekomzetting',	5),
(11,	1,	NULL,	21,	22,	'Passen en danselementen',	10),
(12,	1,	NULL,	23,	24,	'Tilfiguren',	10),
(13,	1,	NULL,	25,	26,	'Omzetten van thema en karakter',	10),
(14,	1,	NULL,	27,	28,	'Creativiteit',	10),
(15,	1,	NULL,	29,	30,	'Danstechniek',	10),
(16,	1,	NULL,	31,	32,	'Uitvoering',	10),
(17,	1,	NULL,	33,	34,	'Verplichte elementen',	15);

INSERT INTO `contests_users` (`id`, `contest_id`, `user_id`) VALUES
(1,	1,	2),
(2,	1,	3),
(3,	1,	4);

INSERT INTO `rounds` (`id`, `order`, `contest_id`, `discipline_id`, `category_id`, `division_id`) VALUES
(1,	1,	1,	2,	3,	2),
(2,	2,	1,	8,	5,	4);

INSERT INTO `contestants_rounds` (`id`, `round_id`, `contestant_id`) VALUES
(1,	1,	10),
(2,	1,	11),
(3,	1,	12),
(4,	2,	2),
(5,	2,	3),
(6,	2,	4);

INSERT INTO `scores` (`id`, `point_id`, `user_id`, `contestant_id`, `round_id`, `score`) VALUES
(1, 1, 2, 10, 1, 10),
(2, 2, 2, 10, 1, 10),
(3, 3, 2, 10, 1, 10),
(4, 4, 2, 10, 1, 10),
(5, 5, 2, 10, 1, NULL),
(6, 6, 2, 10, 1, 5),
(7, 7, 2, 10, 1, 5),
(8, 8, 2, 10, 1, 5),
(9, 9, 2, 10, 1, 5),
(10, 10, 2, 10, 1, 5),
(11, 11, 2, 10, 1, 10),
(12, 12, 2, 10, 1, 10),
(13, 13, 2, 10, 1, 10),
(14, 14, 2, 10, 1, 10),
(15, 15, 2, 10, 1, 10),
(16, 16, 2, 10, 1, 10),
(17, 17, 2, 10, 1, 15),
(18, 1, 3, 10, 1, 9),
(19, 2, 3, 10, 1, 9),
(20, 3, 3, 10, 1, 9),
(21, 4, 3, 10, 1, 9),
(22, 5, 3, 10, 1, NULL),
(23, 6, 3, 10, 1, 5),
(24, 7, 3, 10, 1, 5),
(25, 8, 3, 10, 1, 5),
(26, 9, 3, 10, 1, 5),
(27, 10, 3, 10, 1, 5),
(28, 11, 3, 10, 1, 9),
(29, 12, 3, 10, 1, 9),
(30, 13, 3, 10, 1, 9),
(31, 14, 3, 10, 1, 9),
(32, 15, 3, 10, 1, 9),
(33, 16, 3, 10, 1, 9),
(34, 17, 3, 10, 1, 9),
(35, 1, 4, 10, 1, 10),
(36, 2, 4, 10, 1, 10),
(37, 3, 4, 10, 1, 10),
(38, 4, 4, 10, 1, 10),
(39, 5, 4, 10, 1, NULL),
(40, 6, 4, 10, 1, 4),
(41, 7, 4, 10, 1, 4),
(42, 8, 4, 10, 1, 4),
(43, 9, 4, 10, 1, 4),
(44, 10, 4, 10, 1, 4),
(45, 11, 4, 10, 1, 10),
(46, 12, 4, 10, 1, 10),
(47, 13, 4, 10, 1, 10),
(48, 14, 4, 10, 1, 10),
(49, 15, 4, 10, 1, 10),
(50, 16, 4, 10, 1, 10),
(51, 17, 4, 10, 1, 14),
(52, 1, 2, 11, 1, 10),
(53, 2, 2, 11, 1, 10),
(54, 3, 2, 11, 1, 9),
(55, 4, 2, 11, 1, 10),
(56, 5, 2, 11, 1, NULL),
(57, 6, 2, 11, 1, 4),
(58, 7, 2, 11, 1, 5),
(59, 8, 2, 11, 1, 4),
(60, 9, 2, 11, 1, 5),
(61, 10, 2, 11, 1, 4),
(62, 11, 2, 11, 1, 9),
(63, 12, 2, 11, 1, 10),
(64, 13, 2, 11, 1, 10),
(65, 14, 2, 11, 1, 10),
(66, 15, 2, 11, 1, 10),
(67, 16, 2, 11, 1, 10),
(68, 17, 2, 11, 1, 15),
(69, 1, 3, 11, 1, 8),
(70, 2, 3, 11, 1, 8),
(71, 3, 3, 11, 1, 8),
(72, 4, 3, 11, 1, 8),
(73, 5, 3, 11, 1, NULL),
(74, 6, 3, 11, 1, 5),
(75, 7, 3, 11, 1, 5),
(76, 8, 3, 11, 1, 5),
(77, 9, 3, 11, 1, 5),
(78, 10, 3, 11, 1, 5),
(79, 11, 3, 11, 1, 9),
(80, 12, 3, 11, 1, 9),
(81, 13, 3, 11, 1, 8),
(82, 14, 3, 11, 1, 8),
(83, 15, 3, 11, 1, 8),
(84, 16, 3, 11, 1, 8),
(85, 17, 3, 11, 1, 7),
(86, 1, 4, 11, 1, 10),
(87, 2, 4, 11, 1, 10),
(88, 3, 4, 11, 1, 10),
(89, 4, 4, 11, 1, 10),
(90, 5, 4, 11, 1, NULL),
(91, 6, 4, 11, 1, 5),
(92, 7, 4, 11, 1, 5),
(93, 8, 4, 11, 1, 4),
(94, 9, 4, 11, 1, 3),
(95, 10, 4, 11, 1, 2),
(96, 11, 4, 11, 1, 10),
(97, 12, 4, 11, 1, 10),
(98, 13, 4, 11, 1, 10),
(99, 14, 4, 11, 1, 10),
(100, 15, 4, 11, 1, 10),
(101, 16, 4, 11, 1, 10),
(102, 17, 4, 11, 1, 10),
(103, 1, 2, 12, 1, 9),
(104, 2, 2, 12, 1, 8),
(105, 3, 2, 12, 1, 9),
(106, 4, 2, 12, 1, 9),
(107, 5, 2, 12, 1, NULL),
(108, 6, 2, 12, 1, 4),
(109, 7, 2, 12, 1, 4),
(110, 8, 2, 12, 1, 4),
(111, 9, 2, 12, 1, 4),
(112, 10, 2, 12, 1, 4),
(113, 11, 2, 12, 1, 10),
(114, 12, 2, 12, 1, 10),
(115, 13, 2, 12, 1, 10),
(116, 14, 2, 12, 1, 10),
(117, 15, 2, 12, 1, 10),
(118, 16, 2, 12, 1, 10),
(119, 17, 2, 12, 1, 10),
(120, 1, 3, 12, 1, 9),
(121, 2, 3, 12, 1, 9),
(122, 3, 3, 12, 1, 8),
(123, 4, 3, 12, 1, 8),
(124, 5, 3, 12, 1, NULL),
(125, 6, 3, 12, 1, 5),
(126, 7, 3, 12, 1, 5),
(127, 8, 3, 12, 1, 5),
(128, 9, 3, 12, 1, 5),
(129, 10, 3, 12, 1, 5),
(130, 11, 3, 12, 1, 9),
(131, 12, 3, 12, 1, 8),
(132, 13, 3, 12, 1, 9),
(133, 14, 3, 12, 1, 8),
(134, 15, 3, 12, 1, 9),
(135, 16, 3, 12, 1, 8),
(136, 17, 3, 12, 1, 9),
(137, 1, 4, 12, 1, 10),
(138, 2, 4, 12, 1, 10),
(139, 3, 4, 12, 1, 9),
(140, 4, 4, 12, 1, 10),
(141, 5, 4, 12, 1, NULL),
(142, 6, 4, 12, 1, 5),
(143, 7, 4, 12, 1, 5),
(144, 8, 4, 12, 1, 5),
(145, 9, 4, 12, 1, 5),
(146, 10, 4, 12, 1, 5),
(147, 11, 4, 12, 1, 9),
(148, 12, 4, 12, 1, 9),
(149, 13, 4, 12, 1, 10),
(150, 14, 4, 12, 1, 10),
(151, 15, 4, 12, 1, 10),
(152, 16, 4, 12, 1, 10),
(153, 17, 4, 12, 1, 15);
